"Species","LandedValue","Landings","ObservedPrice","FishingEntityName","Year","TaxonKey"
"Albacore",7623542,3230.4984669111,2359.86553718733,"American Samoa",2001,600142
"Albacore",5713361,2470.78703902261,2312.36480917436,"American Samoa",2004,600142
"Albacore",9052542,4080.86214431357,2218.29154719528,"American Samoa",2006,600142
"Albacore",11572879,5946.51613844288,1946.16120272237,"American Samoa",2002,600142
"Albacore",8186667,3930.10391625852,2083.06629403167,"American Samoa",2003,600142
"Albacore",6438325,2918.85102521705,2205.77375973521,"American Samoa",2005,600142
"Albacore tuna",8653117,3924.98784791729,2204.62262184878,"American Samoa",2010,600142
"Albacore tuna",7836584,3539.20708363992,2214.22025182556,"American Samoa",2008,600142
"Albacore tuna",11467541,5188.39228384939,2210.2301392469,"American Samoa",2007,600142
"Albacore tuna",8653770,3919.51616315798,2207.86689983378,"American Samoa",2009,600142
"Amberjack",200,0.0362873896,5511.55655462194,"American Samoa",2007,500928
"Amberjack",513,0.08799691978,5829.74951035269,"American Samoa",2009,500928
"Amberjack",353,0.06395652417,5519.37436533772,"American Samoa",2008,500928
"Ambon emperor",246,0.07438914868,3306.93393277316,"American Samoa",2003,601853
"Ambon emperor",1670,0.27578416096,6055.46016198595,"American Samoa",2008,601853
"Ambon emperor",498,0.08210021897,6065.75726895409,"American Samoa",2005,601853
"Ambon emperor",202,0.03311224301,6100.46259744456,"American Samoa",2006,601853
"Ambon emperor",10863,1.87923318891,5780.54924961218,"American Samoa",2009,601853
"Ambon emperor",5234,1.25463649542,4171.72624828507,"American Samoa",2004,601853
"Ambon emperor",947,0.1632932532,5799.38228580775,"American Samoa",2010,601853
"Angler flatfish",58,0.00997903214,5812.18691214677,"American Samoa",2008,300061
"Angler flatfish",266,0.05987419284,4442.64861675587,"American Samoa",2005,300061
"Angler flatfish",433,0.0997903214,4339.09816027509,"American Samoa",2006,300061
"Barracudas",3250,0.63412213326,5125.1956516513,"American Samoa",2007,500372
"Barracudas",8674,1.48052549568,5858.73058269494,"American Samoa",2009,500372
"Barracudas",3561,1.0523342984,3383.90567086357,"American Samoa",2002,500372
"Barracudas",1122,0.19277675725,5820.20372168077,"American Samoa",2010,500372
"Barracudas",4381,0.7484274105,5853.60709473908,"American Samoa",2008,500372
"Barracudas",2915,0.66587359916,4377.70772662751,"American Samoa",2004,500372
"Barracudas",2389,0.52888870342,4517.01839073476,"American Samoa",2001,500372
"Barracudas",3875,0.74661304102,5190.10489651519,"American Samoa",2003,500372
"Barracudas (misc)",2876,0.96660534047,2975.36117336325,"American Samoa",2006,500372
"Barracudas (misc)",1408,0.33837990802,4161.0035543741,"American Samoa",2005,500372
"Barred flagtail",378,0.05715263862,6613.86786554633,"American Samoa",2006,605790
"Bigeye barracuda",170,0.04309127515,3945.1141654136,"American Samoa",2004,605734
"Bigeye barracuda",82,0.01859728717,4409.24524369755,"American Samoa",2006,605734
"Bigeye barracuda",1,0,Inf,"American Samoa",2005,605734
"Bigeye bream",160,0.02812272694,5689.34870154523,"American Samoa",2008,500809
"Bigeye bream",292,0.05034875307,5799.5477980166,"American Samoa",2009,500809
"Bigeye bream",576,0.11838760857,4865.37406201109,"American Samoa",2010,500809
"Bigeye emperor",160,0.03084428116,5187.34734552653,"American Samoa",2007,601869
"Bigeye emperor",79,0.01769010243,4465.77402887316,"American Samoa",2005,601869
"Bigeye emperor",239,0.0544310844,4390.87338851548,"American Samoa",2001,601869
"Bigeye emperor",12,0.00272155422,4409.24524369755,"American Samoa",2006,601869
"Bigeye scad",691,0.14560315077,4745.77642273366,"American Samoa",2001,600387
"Bigeye scad",619,0.16465403031,3759.39780419943,"American Samoa",2005,600387
"Bigeye scad",4228,1.08544654141,3895.1711012021,"American Samoa",2007,600387
"Bigeye scad",2038,0.79786897883,2554.30409512667,"American Samoa",2008,600387
"Bigeye scad",65,0.02948350405,2204.62262184878,"American Samoa",2004,600387
"Bigeye scad",219,0.02993709642,7315.33869977094,"American Samoa",2009,600387
"Bigeye scad",112,0.02041165665,5487.06074771251,"American Samoa",2006,600387
"Bigeye squirrelfish",46,0.00861825503,5337.50740026546,"American Samoa",2003,509309
"Bigeye squirrelfish",2,0.00045359237,4409.24524369755,"American Samoa",2006,509309
"Bigeye squirrelfish",102,0.02177243376,4684.82307142865,"American Samoa",2004,509309
"Bigeye squirrelfish",89,0.01587573295,5606.0403812726,"American Samoa",2002,509309
"Bigeye squirrelfish",23,0.0045359237,5070.63203025218,"American Samoa",2005,509309
"Bigeye trevally",880,0.21364200627,4119.04014273232,"American Samoa",2004,601917
"Bigeye trevally",1660,0.34246223935,4847.24973810459,"American Samoa",2001,601917
"Bigeye trevally",444,0.07937866475,5593.44253771918,"American Samoa",2006,601917
"Bigeye trevally",568,0.10750139169,5283.65252831268,"American Samoa",2007,601917
"Bigeye trevally",1905,0.32159699033,5923.56289791526,"American Samoa",2009,601917
"Bigeye trevally",90,0.01995806428,4509.4553628725,"American Samoa",2005,601917
"Bigeye trevally",1328,0.22724977737,5843.7901034235,"American Samoa",2008,601917
"Bigeye trevally",137,0.0226796185,6040.66598386565,"American Samoa",2010,601917
"Bigeye trevally",1496,0.30753562686,4864.47705351883,"American Samoa",2002,601917
"Bigeye tuna",416894,171.72780332015,2427.64416675609,"American Samoa",2010,600146
"Bigeye tuna",450724,183.92853088841,2450.53879255663,"American Samoa",2006,600146
"Bigeye tuna",547789,225.09339924302,2433.60756842356,"American Samoa",2004,600146
"Bigeye tuna",314930,129.47975638598,2432.27210793625,"American Samoa",2005,600146
"Bigeye tuna",567360,231.21236031432,2453.84805219196,"American Samoa",2007,600146
"Bigeye tuna",315513,123.92687859244,2545.96100203275,"American Samoa",2008,600146
"Bigeye tuna",381481,146.39512304802,2605.83134231096,"American Samoa",2009,600146
"BigeyeTuna",575105,235.58816590771,2441.14553795242,"American Samoa",2003,600146
"BigeyeTuna",177084,68.64485490632,2579.71264185302,"American Samoa",2001,600146
"BigeyeTuna",445422,179.94553628744,2475.31563821897,"American Samoa",2002,600146
"Bigscale soldierfish",18,0.00317514659,5669.02959903971,"American Samoa",2005,501129
"Bigscale soldierfish",55,0.00997903214,5511.55655462194,"American Samoa",2003,501129
"Black jack",344,0.08346099608,4121.68577128249,"American Samoa",2006,601936
"Black jack",1939,0.40505798641,4786.96894038609,"American Samoa",2007,601936
"Black jack",484,0.07892507238,6132.39855732648,"American Samoa",2005,601936
"Black jack",1162,0.2041165665,5692.82552575173,"American Samoa",2008,601936
"Black jack",1207,0.29846377946,4044.0418002606,"American Samoa",2001,601936
"Black jack",1837,0.33021524536,5563.03812683544,"American Samoa",2010,601936
"Black jack",1006,0.20819889783,4831.91799037008,"American Samoa",2004,601936
"Black jack",1367,0.2676194983,5107.99851536826,"American Samoa",2002,601936
"Black jack",4351,0.74343789443,5852.53998027091,"American Samoa",2009,601936
"Black Jack",395,0.07892507238,5004.74675649578,"American Samoa",2003,601936
"Black marlin",982,0.44542770734,2204.62262184878,"American Samoa",2004,600217
"Black marlin",605,0.29347426339,2061.50956138873,"American Samoa",2009,600217
"Black marlin",617,0.27986649229,2204.62262184878,"American Samoa",2006,600217
"Black marlin",300,0.090718474,3306.93393277316,"American Samoa",2008,600217
"Black marlin",620,0.2812272694,2204.62262184878,"American Samoa",2007,600217
"Black marlin",2398,1.11402286072,2152.55905830349,"American Samoa",2001,600217
"Black marlin",1265,0.57379434805,2204.62262184878,"American Samoa",2002,600217
"Black marlin",4192,1.90145921504,2204.62262184878,"American Samoa",2003,600217
"Black marlin",100,0.0181436948,5511.55655462194,"American Samoa",2010,600217
"Black marlin",955,0.43318071335,2204.62262184878,"American Samoa",2005,600217
"Black snapper",42,0.0090718474,4629.70750588243,"American Samoa",2005,600266
"Black snapper",156,0.03356583538,4647.58282443796,"American Samoa",2007,600266
"Black snapper",2130,0.36332748837,5862.47963113345,"American Samoa",2009,600266
"Black snapper",194,0.04399845989,4409.24524369755,"American Samoa",2004,600266
"Black snapper",83,0.01905087954,4356.75422889163,"American Samoa",2001,600266
"Black snapper",572,0.10160469088,5629.66133793527,"American Samoa",2008,600266
"Blacktip grouper",14,0.00317514659,4409.24524369755,"American Samoa",2007,605348
"Blacktip grouper",75,0.01270058636,5905.23916566636,"American Samoa",2001,605348
"Blacktip grouper",60,0.0090718474,6613.86786554633,"American Samoa",2005,605348
"Blacktip grouper",270,0.04445205226,6073.9602846854,"American Samoa",2002,605348
"Blacktip grouper",73,0.01315417873,5549.5672894814,"American Samoa",2008,605348
"Blacktip grouper",65,0.01496854821,4342.43849758092,"American Samoa",2004,605348
"Blacktip grouper",98,0.01769010243,5539.82094720974,"American Samoa",2003,605348
"Blacktip grouper",49,0.01224699399,4000.98179520704,"American Samoa",2006,605348
"Blacktip reef shark",217,0.11929479331,1819.02322791325,"American Samoa",2006,600877
"Blood snapper",8,0.00181436948,4409.24524369755,"American Samoa",2002,600162
"Blood snapper",17,0.0045359237,3747.85845714292,"American Samoa",2004,600162
"Blood snapper",14,0.00317514659,4409.24524369755,"American Samoa",2003,600162
"Blue-lined gindai",194,0.02404039561,8069.75072903137,"American Samoa",2004,600199
"Blue-lined snapper",3213,0.80421927201,3995.17906598991,"American Samoa",2004,600156
"Blue kingfish trevally",173,0.04218409041,4101.07218903052,"American Samoa",2004,601906
"Blue lined gindai",267,0.06032778521,4425.82135363626,"American Samoa",2007,600199
"Blue lined gindai",68,0.01542214058,4409.24524369755,"American Samoa",2002,600199
"Blue lined gindai",103,0.01542214058,6678.70970736541,"American Samoa",2005,600199
"Blue lined gindai",90,0.02358680324,3815.69299935365,"American Samoa",2006,600199
"Blue lined snapper",4162,0.78153965351,5325.38557872003,"American Samoa",2007,600156
"Blue lined snapper",836,0.17372587771,4812.17888215555,"American Samoa",2005,600156
"Blue lined snapper",6584,1.15348539691,5707.91794819203,"American Samoa",2008,600156
"Blue lined snapper",3612,0.86273268774,4186.69658786424,"American Samoa",2003,600156
"Blue lined snapper",12793,2.95016477448,4336.36795838121,"American Samoa",2002,600156
"Blue lined snapper",511,0.10523342984,4855.87137829623,"American Samoa",2006,600156
"Blue lined snapper",12071,2.72518295896,4429.42737488958,"American Samoa",2001,600156
"Blue lined snapper",13072,2.26251874156,5777.63169863817,"American Samoa",2009,600156
"Blue marlin",9677,3.87050369321,2500.19138774529,"American Samoa",2006,600216
"Blue marlin",132211,34.2689035535,3858.04581677364,"American Samoa",2010,600216
"Blue marlin",2576,1.05097352129,2451.0608001219,"American Samoa",2004,600216
"Blue marlin",52779,25.19977770772,2094.42323706812,"American Samoa",2009,600216
"Blue marlin",61334,24.9747958922,2455.83588609649,"American Samoa",2008,600216
"Blue marlin",69003,29.09114664995,2371.95875536651,"American Samoa",2007,600216
"Blue marlin",3097,1.34807652364,2297.34732835318,"American Samoa",2005,600216
"Blue marlin",43175,19.24819222095,2243.06779069921,"American Samoa",2002,600216
"Blue marlin",4926,2.13324491611,2309.15820438594,"American Samoa",2003,600216
"Blue marlin",14699,5.6290813117,2611.26091205118,"American Samoa",2001,600216
"Bluefin trevally",105,0.0136077711,7716.17917647071,"American Samoa",2010,601906
"Bluefin trevally",17,0.00317514659,5354.08351020417,"American Samoa",2007,601906
"Bluefin trevally",133,0.02177243376,6108.64184803932,"American Samoa",2008,601906
"Bluefin trevally",663,0.08572895793,7733.67618140602,"American Samoa",2009,601906
"Bluefin tuna",975,0.1769010243,5511.55655462194,"American Samoa",2005,614290
"Bluefin Tuna",0,0,NA,"American Samoa",2002,614290
"Blueline bream",6,0.00090718474,6613.86786554633,"American Samoa",2005,601834
"Bottomfish (assorted)",1518,0.34745175542,4368.95187985175,"American Samoa",2004,NA
"Bottomfish (Assorted)",1043,0.24357910269,4281.97652623514,"American Samoa",2002,NA
"Bottomfishes (unknown)",16493,2.54374601096,6483.74481136802,"American Samoa",2008,NA
"Bottomfishes (unknown)",20463,3.94670721137,5184.8284922298,"American Samoa",2007,NA
"Brown jobfish",133,0.02222602613,5983.97568787525,"American Samoa",2008,502124
"Brown jobfish",56,0.00952543977,5878.9936582634,"American Samoa",2010,502124
"Butterflyfishes",70,0.01315417873,5321.50288032463,"American Samoa",2007,400343
"Butterflyfishes",30,0.00544310844,5511.55655462194,"American Samoa",2009,400343
"Butterflyfishes",40,0.00771107029,5187.34734552653,"American Samoa",2008,400343
"Cardinalfish",40,0.01088621688,3674.37103641463,"American Samoa",2006,400304
"Christmas wrasse",8,0.00136077711,5878.9936582634,"American Samoa",2006,605649
"Christmas wrasse",1,0.00045359237,2204.62262184878,"American Samoa",2005,605649
"Clams (misc)",63,0.01088621688,5787.13438235304,"American Samoa",2006,290004
"Conger eels",0,0,NA,"American Samoa",2006,400062
"Crabs",612,0.1995806428,3066.4296467533,"American Samoa",2007,490097
"Crabs",165,0.03855535145,4279.56156005939,"American Samoa",2004,490097
"Crabs",234,0.05488467677,4263.48507035218,"American Samoa",2003,490097
"Crabs",201,0.06078137758,3306.93393277316,"American Samoa",2001,490097
"Crabs",62,0.01133980925,5467.46410218496,"American Samoa",2008,490097
"Crabs",251,0.04309127515,5824.84503246361,"American Samoa",2009,490097
"Crabs",59,0.01043262451,5655.33629082947,"American Samoa",2010,490097
"Dogtooth tuna",511,0.12428430938,4111.54072906834,"American Samoa",2002,600106
"Dogtooth tuna",204,0.04672001411,4366.43703744806,"American Samoa",2005,600106
"Dogtooth tuna",443,0.08028584949,5517.78430214129,"American Samoa",2010,600106
"Dogtooth tuna",1938,0.61824640031,3134.67251734624,"American Samoa",2001,600106
"Dogtooth tuna",400,0.09752235955,4101.62348250935,"American Samoa",2004,600106
"Dogtooth tuna",2936,0.48216868931,6089.15523776858,"American Samoa",2008,600106
"Dogtooth tuna",1775,0.35743078756,4965.99638804769,"American Samoa",2007,600106
"Dogtooth tuna",821,0.19549831147,4199.52476226878,"American Samoa",2006,600106
"Dogtooth tuna",1551,0.47853995035,3241.10870757104,"American Samoa",2003,600106
"Dogtooth tuna",1690,0.28893833969,5848.99879266002,"American Samoa",2009,600106
"Eels",164,0.0272155422,6025.96849971999,"American Samoa",2008,509279
"Eels",577,0.08708973504,6625.35027503512,"American Samoa",2010,509279
"Eels",311,0.05624545388,5529.33576931427,"American Samoa",2007,509279
"Ehu (squirrelfish snap.)",921,0.17463306245,5273.91541486421,"American Samoa",2003,400243
"Ehu (squirrelfish snap.)",9747,1.47916471857,6589.52980532353,"American Samoa",2001,400243
"Ehu (squirrelfish snap.)",3934,0.69490351084,5661.21762033491,"American Samoa",2002,400243
"Emperors",2178,0.37920322132,5743.62209376392,"American Samoa",2010,501144
"Emperors",10236,1.80484404023,5671.40416115709,"American Samoa",2008,501144
"Emperors",5858,1.09633275829,5343.26823284656,"American Samoa",2007,501144
"Emperors",11351,2.08153538593,5453.18618012758,"American Samoa",2009,501144
"Emperors (misc)",22160,5.10654290146,4339.5307603632,"American Samoa",2002,501144
"Emperors (misc)",26355,4.69876336083,5608.92259859296,"American Samoa",2001,501144
"Emperors (misc)",3,0.00045359237,6613.86786554633,"American Samoa",2005,501144
"Emperors (misc)",330,0.07121400209,4633.92016057386,"American Samoa",2006,501144
"Emperors (misc)",110,0.02812272694,3911.42723231234,"American Samoa",2004,501144
"Emperors (misc)",4181,1.08091061771,3868.03490639938,"American Samoa",2003,501144
"Filefishes",367,0.06304933943,5820.83814545684,"American Samoa",2010,501677
"Filefishes",433,0.09842954429,4399.08569244479,"American Samoa",2006,501677
"Filefishes",502,0.10251187562,4896.99361136321,"American Samoa",2007,501677
"Filefishes",908,0.15558218291,5836.14385025857,"American Samoa",2009,501677
"Filefishes",86,0.01678291769,5124.25798591878,"American Samoa",2008,501677
"Flagtail grouper",28,0.00635029318,4409.24524369755,"American Samoa",2005,606456
"Flagtail grouper",59,0.01088621688,5419.69727871157,"American Samoa",2003,606456
"Flagtail grouper",136,0.0317514659,4283.26680816334,"American Samoa",2004,606456
"Flagtail grouper",124,0.02358680324,5257.1770213317,"American Samoa",2002,606456
"Flagtails",97,0.01451495584,6682.7623224791,"American Samoa",2010,400301
"Flounders",159,0.02902991168,5477.10932615555,"American Samoa",2005,500048
"Flounders",359,0.0997903214,3597.5432783805,"American Samoa",2007,500048
"Flower snapper (gindai)",121,0.0181436948,6668.98343109255,"American Samoa",2005,600211
"Flower snapper (gindai)",1645,0.28258804651,5821.19456330857,"American Samoa",2007,600211
"Flower snapper (gindai)",155,0.03265865064,4746.06258870223,"American Samoa",2004,600211
"Flower snapper (gindai)",338,0.06168856232,5479.1356337124,"American Samoa",2009,600211
"Flower snapper (gindai)",884,0.16510762268,5354.08351020417,"American Samoa",2006,600211
"Flower snapper (gindai)",1035,0.18052976326,5733.12666737056,"American Samoa",2008,600211
"Giant clam",1063,0.48216868931,2204.62262184878,"American Samoa",2007,690147
"Giant clam",90,0.0136077711,6613.86786554633,"American Samoa",2004,690147
"Giant clam",15,0.00680388555,2204.62262184878,"American Samoa",2006,690147
"Giant grouper",2099,0.35924515704,5842.80667078356,"American Samoa",2009,606468
"Gindai (flower snap)",549,0.10251187562,5355.47707696893,"American Samoa",2001,600211
"Gindai (flower snap)",102,0.02494758035,4088.57286233773,"American Samoa",2003,600211
"Gindai (flower snap)",320,0.05579186151,5735.60356903746,"American Samoa",2002,600211
"Goatfish",146,0.0226796185,6437.49805579842,"American Samoa",2003,507028
"Goatfish",991,0.22498181552,4404.80044002447,"American Samoa",2002,507028
"Goatfishes",288,0.05488467677,5247.36624043345,"American Samoa",2007,507028
"Goatfishes",31,0.00544310844,5695.27510644267,"American Samoa",2010,507028
"Goatfishes",938,0.17009713875,5514.49605145107,"American Samoa",2008,507028
"Goldflag jobfish",1149,0.17554024719,6545.50747417117,"American Samoa",2009,600200
"Goldflag jobfish",1786,0.82417733629,2167.00935752444,"American Samoa",2008,600200
"Goldflag jobfish",620,0.10659420695,5816.4511725372,"American Samoa",2010,600200
"Goldspot trevally",31,0.00861825503,3597.01585670063,"American Samoa",2004,601926
"Gray jobfish",4244,1.22832813796,3455.1028091308,"American Samoa",2002,502124
"Gray jobfish",9180,1.68554924692,5446.2959280333,"American Samoa",2008,502124
"Gray jobfish",2909,0.50938423151,5710.81674706865,"American Samoa",2010,502124
"Gray jobfish",2904,0.70352176587,4127.80405792962,"American Samoa",2004,502124
"Gray jobfish",929,0.20457015887,4541.2293030987,"American Samoa",2005,502124
"Gray jobfish",12823,2.24800378572,5704.17188861317,"American Samoa",2009,502124
"Gray jobfish",810,0.22044589182,3674.37103641463,"American Samoa",2006,502124
"Gray jobfish",3596,0.81374471178,4419.07633677157,"American Samoa",2001,502124
"Gray jobfish",5572,1.06049896106,5254.13055985517,"American Samoa",2007,502124
"Gray jobfish",927,0.19867345806,4665.94787774844,"American Samoa",2003,502124
"Greasy grouper",36,0.00952543977,3779.35306602647,"American Samoa",2004,604461
"Greater amberjack",2299,0.38283196028,6005.24574363784,"American Samoa",2009,601005
"Greater amberjack",4576,0.98338825816,4653.29940847786,"American Samoa",2006,601005
"Greater amberjack",861,0.15286062869,5632.58183208248,"American Samoa",2010,601005
"Greater amberjack",3947,0.74570585628,5292.97170829508,"American Samoa",2008,601005
"Greater amberjack",2601,0.53161025764,4892.68211555347,"American Samoa",2007,601005
"Groupers",3000,0.53705336608,5586.03704860332,"American Samoa",2008,503028
"Groupers",2083,0.40868672537,5096.81345317536,"American Samoa",2007,503028
"Groupers",619,0.11294450013,5480.56788323049,"American Samoa",2009,503028
"Groupers",1735,0.28621678547,6061.83874628784,"American Samoa",2010,503028
"Groupers (misc)",181,0.0408233133,4433.74105060698,"American Samoa",2001,503028
"Groupers (misc)",104,0.03764816671,2762.41870689485,"American Samoa",2003,503028
"Groupers (misc)",819,0.14923188973,5488.10312247461,"American Samoa",2006,503028
"Groupers (misc)",175,0.04490564463,3897.06019013672,"American Samoa",2004,503028
"Groupers (misc)",441,0.09888313666,4459.80998273078,"American Samoa",2005,503028
"Groupers (misc)",2445,0.56472250065,4329.56008869097,"American Samoa",2002,503028
"Hawaiian opakapaka",1304,0.33701913091,3869.21655301589,"American Samoa",2003,600201
"Hawaiian opakapaka",169,0.02993709642,5645.1700468552,"American Samoa",2002,600201
"Hawaiian opakapaka",768,0.16147888372,4756.03981342657,"American Samoa",2001,600201
"Hexagon grouper",50,0.00952543977,5249.10148059232,"American Samoa",2008,604923
"Honeycomb grouper",331,0.06259574706,5287.89918718801,"American Samoa",2009,604923
"Honeycomb grouper",136,0.02449398798,5552.38289947099,"American Samoa",2008,604923
"Humpback snapper",9263,1.78397879121,5192.32630210659,"American Samoa",2007,600265
"Humpback snapper",3883,0.88359793676,4394.53266973244,"American Samoa",2002,600265
"Humpback snapper",1630,0.3084428116,5284.61010825515,"American Samoa",2006,600265
"Humpback snapper",7068,1.1657323909,6063.14112499111,"American Samoa",2010,600265
"Humpback snapper",17821,3.1116436582,5727.19821340627,"American Samoa",2008,600265
"Humpback snapper",30443,5.47803505249,5557.28463003579,"American Samoa",2009,600265
"Humpback snapper",10377,1.63247893963,6356.59042704216,"American Samoa",2001,600265
"Humpback snapper",4392,1.16301083668,3776.40505271444,"American Samoa",2003,600265
"Inshore groupers",1563,0.28032008466,5575.76886399618,"American Samoa",2009,500366
"Inshore groupers",1092,0.25764046616,4238.46461806138,"American Samoa",2004,500366
"Inshore groupers",1087,0.28803115495,3773.89730700727,"American Samoa",2003,500366
"Inshore groupers",1900,0.43771663705,4340.70775286287,"American Samoa",2001,500366
"Inshore groupers",1312,0.21999229945,5963.84511312494,"American Samoa",2010,500366
"Inshore groupers",717,0.15694296002,4568.53878573865,"American Samoa",2006,500366
"Inshore groupers",1332,0.30798921923,4324.82670442205,"American Samoa",2005,500366
"Inshore groupers",1184,0.20275578939,5839.53732498647,"American Samoa",2008,500366
"Inshore groupers",1155,0.21500278338,5372.02347728974,"American Samoa",2007,500366
"Inshore groupers",1417,0.34563738594,4099.67225086577,"American Samoa",2002,500366
"Inshore snappers",1000,0.17009713875,5878.9936582634,"American Samoa",2008,400323
"Inshore snappers",30,0.00544310844,5511.55655462194,"American Samoa",2005,400323
"Inshore snappers",761,0.14197441181,5360.12081542146,"American Samoa",2006,400323
"Inshore snappers",195,0.03492661249,5583.13521117547,"American Samoa",2007,400323
"Inshore snappers",290,0.04898797596,5919.82000311245,"American Samoa",2009,400323
"Inshore snappers",4,0.00090718474,4409.24524369755,"American Samoa",2004,400323
"Jacks",136,0.02449398798,5552.38289947099,"American Samoa",2009,500467
"Jacks",1732,0.32840087588,5274.0419627653,"American Samoa",2007,500467
"Jacks",515,0.09117206637,5648.65995150308,"American Samoa",2008,500467
"Jacks",38,0.00680388555,5585.04397535023,"American Samoa",2010,500467
"Jacks (misc)",1326,0.28893833969,4589.21443731786,"American Samoa",2003,500467
"Jacks (misc)",165,0.04445205226,3711.86461841886,"American Samoa",2006,500467
"Jacks (misc)",197,0.11158372302,1765.49047359434,"American Samoa",2002,500467
"Jacks (misc)",43,0.00725747792,5924.92329621858,"American Samoa",2001,500467
"Jacks (misc)",298,0.06758526313,4409.24524369755,"American Samoa",2004,500467
"Kawakawa",181,0.04717360648,3836.8912937945,"American Samoa",2004,600096
"Kawakawa",140,0.0317514659,4409.24524369755,"American Samoa",2006,600096
"Kawakawa",138,0.04445205226,3104.46858995032,"American Samoa",2007,600096
"Kawakawa",148,0.02540117272,5826.50264345748,"American Samoa",2002,600096
"Kawakawa",3,0.00136077711,2204.62262184878,"American Samoa",2001,600096
"Kawakawa",387,0.12927382545,2993.6454549315,"American Samoa",2008,600096
"Kawakawa",485,0.14651033551,3310.34666128996,"American Samoa",2010,600096
"Kusakar's snapper",348,0.05760623099,6041.0131685305,"American Samoa",2008,600191
"Kusakar's snapper",29,0.00589670081,4918.00431027804,"American Samoa",2006,600191
"Kusakar's snapper",19,0.00408233133,4654.20331279186,"American Samoa",2005,600191
"Kusakar's snapper",68,0.01451495584,4684.82307142865,"American Samoa",2004,600191
"Leatherback",8,0.00181436948,4409.24524369755,"American Samoa",2006,601951
"Lehi (silverjaw)",11387,2.16726434386,5254.08911573713,"American Samoa",2002,600083
"Lehi (silverjaw)",728,0.13199537967,5515.34456599969,"American Samoa",2003,600083
"Lehi (silverjaw)",2597,0.39145021531,6634.30469170483,"American Samoa",2001,600083
"Longnose emperor",174,0.0362873896,4795.05420252109,"American Samoa",2006,601864
"Longnose emperor",882,0.20003423517,4409.24524369755,"American Samoa",2002,601864
"Longnose emperor",8625,1.67330225293,5154.47820912055,"American Samoa",2007,601864
"Longnose emperor",1157,0.26262998223,4405.43760531785,"American Samoa",2001,601864
"Longnose emperor",2066,0.36559545022,5651.05500836175,"American Samoa",2010,601864
"Longnose emperor",8258,1.39434294538,5922.50280131008,"American Samoa",2008,601864
"Longnose emperor",209,0.05034875307,4151.04619789544,"American Samoa",2005,601864
"Longnose emperor",9056,1.54039968852,5878.9936582634,"American Samoa",2009,601864
"Longnose emperor",639,0.15467499817,4131.24297759932,"American Samoa",2004,601864
"Longnose emperor",1537,0.36650263496,4193.69426953164,"American Samoa",2003,601864
"Longspine grouper",289,0.04762719885,6067.96131156473,"American Samoa",2010,500366
"Longspine grouper",80,0.01496854821,5344.53968933037,"American Samoa",2008,500366
"Longspine grouper",478,0.0816466266,5854.49785135397,"American Samoa",2009,500366
"Longtail snapper (onaga)",7780,1.3426334152,5794.58243175117,"American Samoa",2009,601385
"Longtail snapper (onaga)",1679,0.32522572929,5162.5681758495,"American Samoa",2004,601385
"Longtail snapper (onaga)",1911,0.3220505827,5933.85046528593,"American Samoa",2005,601385
"Longtail snapper (onaga)",350,0.11611964672,3014.13249080887,"American Samoa",2006,601385
"Longtail snapper (onaga)",2348,0.38373914502,6118.73985354719,"American Samoa",2010,601385
"Longtail snapper (onaga)",11424,1.63837564044,6972.7599202659,"American Samoa",2008,601385
"Longtail snapper (onaga)",6463,1.27504815207,5068.82817680848,"American Samoa",2007,601385
"Lunartail grouper",1003,0.22271385367,4503.53663892937,"American Samoa",2003,606478
"Lunartail grouper",417,0.09207925111,4528.70755325586,"American Samoa",2004,606478
"Lunartail grouper",1419,0.27941289992,5078.50568247307,"American Samoa",2007,606478
"Lunartail grouper",418,0.1043262451,4006.66198231647,"American Samoa",2006,606478
"Lunartail grouper",1059,0.23087851633,4586.82781245158,"American Samoa",2005,606478
"Lunartail grouper",3157,0.68900681003,4581.95761499446,"American Samoa",2001,606478
"Lunartail grouper",1384,0.3220505827,4297.46156146297,"American Samoa",2002,606478
"Mackerel",452,0.17191150823,2629.25969676952,"American Samoa",2009,500142
"Mackerel",11099,2.64988662554,4188.4810818041,"American Samoa",2008,500142
"Mackerel",25,0.0045359237,5511.55655462194,"American Samoa",2010,500142
"Mackerel",1835,0.41594420329,4411.64941231462,"American Samoa",2006,500142
"Mackerel",6274,1.80439044786,3477.07449207622,"American Samoa",2007,500142
"Mackerel",107,0.02494758035,4288.99310068762,"American Samoa",2005,500142
"Mahimahi",33949,6.1597843846,5511.39421127718,"American Samoa",2010,600006
"Mahimahi",30225,7.89205364563,3829.80164063333,"American Samoa",2003,600006
"Mahimahi",78872,22.47278037928,3509.66808151253,"American Samoa",2001,600006
"Mahimahi",58938,11.13750705298,5291.84850071366,"American Samoa",2009,600006
"Mahimahi",46816,11.75529986092,3982.54409108166,"American Samoa",2007,600006
"Mahimahi",35667,7.98277211963,4467.99676421844,"American Samoa",2008,600006
"Mahimahi",45366,16.17011439813,2805.54601427225,"American Samoa",2005,600006
"Mahimahi",14251,4.58808682255,3106.08768996213,"American Samoa",2006,600006
"Mahimahi",63212,16.07848873939,3931.4640215619,"American Samoa",2002,600006
"Mahimahi",16107,3.75755919308,4286.55921899061,"American Samoa",2004,600006
"Milkfish",76,0.02494758035,3046.38762291831,"American Samoa",2005,600080
"Miscellaneous",63,0.01905087954,3306.93393277316,"American Samoa",2002,NA
"Miscellaneous",0,0.0045359237,0,"American Samoa",2004,NA
"Monchong",67,0.01496854821,4476.05198981418,"American Samoa",2009,603561
"Moonfish",4389,1.38254954376,3174.56977929602,"American Samoa",2008,600390
"Moonfish",7294,2.20581969531,3306.70725966789,"American Samoa",2009,600390
"Moonfish",4090,1.8551927933,2204.62262184878,"American Samoa",2003,600390
"Moonfish",0,0,NA,"American Samoa",2002,600390
"Moonfish",484,0.08799691978,5500.1925204887,"American Samoa",2010,600390
"Moonfish",564,0.19685908858,2864.99345327813,"American Samoa",2006,600390
"Moonfish",663,0.35198767912,1883.58865758471,"American Samoa",2005,600390
"Moonfish",2861,1.31451068826,2176.47526608328,"American Samoa",2001,600390
"Moonfish",5734,1.85791434752,3086.25637541037,"American Samoa",2007,600390
"Moonfish",1308,0.47990072746,2725.56369506446,"American Samoa",2004,600390
"Moray eels",328,0.06985322498,4695.55986991168,"American Samoa",2007,400056
"Moray eels",96,0.01859728717,5162.04321213372,"American Samoa",2008,400056
"Moray eels",27,0.0045359237,5952.48107899169,"American Samoa",2009,400056
"Mullets",45,0.01043262451,4313.39208622587,"American Samoa",2001,504212
"Mullets",101,0.01542214058,6549.02602372725,"American Samoa",2009,504212
"Mullets",600,0.12564508649,4775.35585960024,"American Samoa",2005,504212
"Mullets",174,0.02449398798,7103.78400373494,"American Samoa",2007,504212
"Mullets",58,0.00952543977,6088.9577174871,"American Samoa",2008,504212
"Multidens snapper",33,0.00816466266,4041.80814005609,"American Samoa",2004,600208
"Napoleon wrasse",78,0.01451495584,5373.76764075639,"American Samoa",2006,605604
"Octopus",404,0.07166759446,5637.13632422092,"American Samoa",2010,590013
"Octopus",208,0.03129787353,6645.81891803689,"American Samoa",2002,590013
"Octopus",5042,0.89085541468,5659.72874712909,"American Samoa",2007,590013
"Octopus",1797,0.30027814894,5984.45143725415,"American Samoa",2005,590013
"Octopus",3685,0.66859515338,5511.55655462194,"American Samoa",2008,590013
"Octopus",178,0.0272155422,6540.38044481803,"American Samoa",2009,590013
"Octopus",1024,0.23223929344,4409.24524369755,"American Samoa",2003,590013
"Octopus",355,0.07756429527,4576.84813307787,"American Samoa",2001,590013
"Octopus",4329,0.81102315756,5337.70208612044,"American Samoa",2006,590013
"Octopus",468,0.08754332741,5345.9242851048,"American Samoa",2004,590013
"Oilfish",183,0.08300740371,2204.62262184878,"American Samoa",2003,601044
"Oilfish",4549,2.06339169113,2204.62262184878,"American Samoa",2009,601044
"Oilfish",26,0.01995806428,1302.73154927428,"American Samoa",2007,601044
"Oilfish",155,0.07030681735,2204.62262184878,"American Samoa",2008,601044
"Oilfish",369,0.11158372302,3306.93393277316,"American Samoa",2001,601044
"Oilfish",3,0.00136077711,2204.62262184878,"American Samoa",2005,601044
"Oilfish",24,0.01088621688,2204.62262184878,"American Samoa",2004,601044
"Onaga (longtail snapper)",1066,0.18824083355,5662.95834913445,"American Samoa",2003,601385
"Onaga (longtail snapper)",6111,1.48188627279,4123.79823756286,"American Samoa",2001,601385
"Onaga (longtail snapper)",3548,0.63684368748,5571.22582786286,"American Samoa",2002,601385
"Onespot snapper",187,0.03265865064,5725.89486507946,"American Samoa",2009,600166
"Onespot snapper",216,0.03719457434,5807.29861365043,"American Samoa",2010,600166
"Onespot snapper",192,0.03764816671,5099.84992042126,"American Samoa",2007,600166
"Onespot snapper",236,0.0408233133,5781.01043062568,"American Samoa",2001,600166
"Onespot snapper",301,0.0362873896,8294.89261470602,"American Samoa",2006,600166
"Onespot snapper",50,0.0090718474,5511.55655462194,"American Samoa",2003,600166
"Onespot snapper",69,0.02222602613,3104.46858995032,"American Samoa",2002,600166
"Onespot snapper",163,0.04762719885,3422.4141653462,"American Samoa",2004,600166
"Onespot snapper",40,0.00952543977,4199.28118447386,"American Samoa",2005,600166
"Onespot snapper",220,0.03991612856,5511.55655462194,"American Samoa",2008,600166
"Orange goatfish",8,0.00181436948,4409.24524369755,"American Samoa",2004,605985
"Orange goatfish",16,0.00226796185,7054.79238991608,"American Samoa",2006,605985
"Orangespot emperor",445,0.10115109851,4399.35904359957,"American Samoa",2001,601862
"Orangespot emperor",151,0.03401942775,4438.64021198887,"American Samoa",2003,601862
"Orangespot emperor",985,0.18007617089,5469.90751264747,"American Samoa",2007,601862
"Orangespot emperor",81,0.02177243376,3720.30067436981,"American Samoa",2004,601862
"Orangespot emperor",44,0.01179340162,3730.89982159024,"American Samoa",2006,601862
"Orangespot emperor",551,0.090718474,6073.73532319338,"American Samoa",2008,601862
"Other pelagic sharks",198,0.08391458845,2359.54204933004,"American Samoa",2004,200007
"Other Sharks",560,0.50847704677,1101.3279823687,"American Samoa",2002,200007
"Other Sharks",65,0.05851341573,1110.85635984628,"American Samoa",2003,200007
"Pa'a crab",356,0.02540117272,14015.1009531815,"American Samoa",2005,490097
"Paddletail snapper",1294,0.30118533368,4296.35794077156,"American Samoa",2005,600265
"Paddletail snapper",2297,0.54340365926,4227.06023571506,"American Samoa",2004,600265
"Paeony bulleye",251,0.03855535145,6510.1209186358,"American Samoa",2006,600344
"Paeony bulleye",78,0.01315417873,5929.67463807602,"American Samoa",2009,600344
"Paeony bulleye",49,0.0090718474,5401.3254235295,"American Samoa",2010,600344
"Paeony bulleye",62,0.01043262451,5942.89576324453,"American Samoa",2008,600344
"Parrotfishes",12104,2.19221192421,5521.36400059126,"American Samoa",2007,500242
"Parrotfishes",9811,2.27476573555,4312.97159381024,"American Samoa",2003,500242
"Parrotfishes",10956,2.5900124327,4230.09552451404,"American Samoa",2002,500242
"Parrotfishes",8828,1.5195344395,5809.6741808003,"American Samoa",2008,500242
"Parrotfishes",26605,4.19255427591,6345.77354260377,"American Samoa",2010,500242
"Parrotfishes",13797,2.39632849071,5757.55788636145,"American Samoa",2009,500242
"Parrotfishes",13338,3.05313024247,4368.63118856321,"American Samoa",2001,500242
"Parrotfishes (misc)",15655,3.24046389128,4831.09842455803,"American Samoa",2005,400364
"Parrotfishes (misc)",7853,1.81210151815,4333.64241536381,"American Samoa",2004,400364
"Parrotfishes (misc)",19794,3.78840347424,5224.89226255683,"American Samoa",2006,400364
"Peacock grouper",10,0.00272155422,3674.37103641463,"American Samoa",2006,606396
"Peacock grouper",65,0.01496854821,4342.43849758092,"American Samoa",2002,606396
"Peacock grouper",56,0.01406136347,3982.54409108166,"American Samoa",2004,606396
"Peacock grouper",96,0.01950447191,4921.94817901122,"American Samoa",2008,606396
"Peacock grouper",590,0.10160469088,5806.81851290526,"American Samoa",2010,606396
"Peacock grouper",37,0.00861825503,4293.21247412656,"American Samoa",2001,606396
"Peacock grouper",1073,0.18733364881,5727.74836136498,"American Samoa",2009,606396
"Peacock grouper",37,0.00952543977,3884.33509563832,"American Samoa",2005,606396
"Peacock grouper",256,0.05034875307,5084.53505579537,"American Samoa",2007,606396
"Pelagic fishes (unknown)",10852,1.96904447817,5511.3026243499,"American Samoa",2007,NA
"Pink snapper (opakapaka)",2450,0.45540673948,5379.80619873456,"American Samoa",2005,600201
"Pink snapper (opakapaka)",862,0.16283966083,5293.55069647255,"American Samoa",2008,600201
"Pink snapper (opakapaka)",2843,0.71985109119,3949.42792307251,"American Samoa",2004,600201
"Pink snapper (opakapaka)",355,0.05760623099,6162.52780123083,"American Samoa",2006,600201
"Pink snapper (opakapaka)",1358,0.24630065691,5513.58659386858,"American Samoa",2009,600201
"Pink snapper (opakapaka)",890,0.15558218291,5720.44936864551,"American Samoa",2010,600201
"Pink snapper (opakapaka)",169,0.03311224301,5103.85237112936,"American Samoa",2007,600201
"Pollock",59,0.0181436948,3251.81836722694,"American Samoa",2009,600318
"Pomfret",337,0.07620351816,4422.36799739903,"American Samoa",2005,400319
"Pomfret",1744,0.36604904259,4764.38891264469,"American Samoa",2007,400319
"Pomfret",888,0.1859728717,4774.88997122369,"American Samoa",2008,400319
"Pomfret",6509,1.18115453148,5510.70992535088,"American Samoa",2001,400319
"Pomfret",514,0.09344002822,5500.85450305957,"American Samoa",2004,400319
"Pomfret",1052,0.21182763679,4966.30192330816,"American Samoa",2010,400319
"Pomfret",694,0.1587573295,4371.45171303729,"American Samoa",2002,400319
"Pomfret",2293,0.46221062503,4960.94177811506,"American Samoa",2009,400319
"Porcupinefish",62,0.01270058636,4881.66437695086,"American Samoa",2009,500154
"Porcupinefish",159,0.03583379723,4437.15185916399,"American Samoa",2004,500154
"Porcupinefish",4,0.00090718474,4409.24524369755,"American Samoa",2006,500154
"Porcupinefish",224,0.05080234544,4409.24524369755,"American Samoa",2003,500154
"Pristipomoides/Etelis",1,0,Inf,"American Samoa",2005,502124
"Pristipomoides/Etelis",402,0.06078137758,6613.86786554633,"American Samoa",2004,502124
"Pristipomoides/Etelis",1303,0.19731268095,6603.7316695838,"American Samoa",2003,502124
"Pygmy grouper",4,0.00090718474,4409.24524369755,"American Samoa",2004,606455
"Rabbitfish",59,0.0136077711,4335.75782296926,"American Samoa",2002,602503
"Rabbitfish",4,0.00090718474,4409.24524369755,"American Samoa",2006,602503
"Rabbitfishes",269,0.03991612856,6739.13051451501,"American Samoa",2008,400413
"Rabbitfishes",30,0.00544310844,5511.55655462194,"American Samoa",2010,400413
"Rainbow runner",64,0.01451495584,4409.24524369755,"American Samoa",2003,600412
"Rainbow runner",2040,0.53206385001,3834.12629886744,"American Samoa",2002,600412
"Rainbow runner",459,0.09389362059,4888.51103105598,"American Samoa",2007,600412
"Rainbow runner",154,0.03674098197,4191.50473783594,"American Samoa",2005,600412
"Rainbow runner",218,0.04898797596,4450.0715885466,"American Samoa",2006,600412
"Rainbow runner",401,0.090718474,4420.2683568068,"American Samoa",2001,600412
"Rainbow runner",660,0.11294450013,5843.57803381603,"American Samoa",2009,600412
"Rainbow runner",315,0.05533826914,5692.26332690463,"American Samoa",2008,600412
"Rainbow runner",768,0.18189054037,4222.31963486249,"American Samoa",2004,600412
"Rainbow runner",474,0.07801788764,6075.52978346698,"American Samoa",2010,600412
"Rays",106,0.03220505827,3291.40842135169,"American Samoa",2008,100538
"Red snapper",513,0.11657323909,4400.66694555806,"American Samoa",2005,400323
"Red snapper",273,0.07302837157,3738.27314139575,"American Samoa",2004,400323
"Red snapper, mu",40,0.0090718474,4409.24524369755,"American Samoa",2003,400323
"Redgill emperor",1469,0.26580512882,5526.60517320111,"American Samoa",2005,601863
"Redgill emperor",155,0.0317514659,4881.66437695086,"American Samoa",2003,601863
"Redgill emperor",5070,1.14214558766,4439.01377790838,"American Samoa",2001,601863
"Redgill emperor",2988,0.57969104886,5154.46979192812,"American Samoa",2007,601863
"Redgill emperor",3048,0.70624332009,4315.79303236678,"American Samoa",2004,601863
"Redgill emperor",250,0.05669904625,4409.24524369755,"American Samoa",2002,601863
"Redgill emperor",4157,0.72529419963,5731.46731646364,"American Samoa",2010,601863
"Redgill emperor",855,0.1723651006,4960.40089915974,"American Samoa",2006,601863
"Redgill emperor",11470,1.98401302638,5781.21204220518,"American Samoa",2008,601863
"Redgill emperor",16839,3.0526766501,5516.14269380558,"American Samoa",2009,601863
"Ruby snapper (ehu)",4044,0.65725534413,6152.85982246822,"American Samoa",2009,600087
"Ruby snapper (ehu)",1660,0.2358680324,7037.8337543634,"American Samoa",2010,600087
"Ruby snapper (ehu)",4088,0.57515512516,7107.64769567649,"American Samoa",2008,600087
"Rudderfish",112,0.02857631931,3919.32910550893,"American Samoa",2002,600249
"Rudderfish",8,0.00181436948,4409.24524369755,"American Samoa",2005,600249
"Rudderfish",55,0.01133980925,4850.16976806731,"American Samoa",2006,600249
"Rudderfish",91,0.02086524902,4361.31866496171,"American Samoa",2001,600249
"Rudderfish",10,0.00272155422,3674.37103641463,"American Samoa",2003,600249
"Rudderfish (cinerascens)",30,0.00725747792,4133.66741596645,"American Samoa",2004,NA
"Rudderfishes",181,0.03220505827,5620.23513457223,"American Samoa",2008,NA
"Rudderfishes",38,0.00680388555,5585.04397535023,"American Samoa",2009,NA
"Rudderfishes",371,0.07393555631,5017.88339083372,"American Samoa",2007,NA
"Rufous snapper",71,0.02041165665,3478.40458113918,"American Samoa",2006,600155
"Rufous snapper",70,0.01270058636,5511.55655462194,"American Samoa",2003,600155
"Rufous snapper",468,0.08028584949,5829.17167810863,"American Samoa",2005,600155
"Rufous snapper",63,0.01088621688,5787.13438235304,"American Samoa",2009,600155
"Rufous snapper",112,0.0226796185,4938.35467294126,"American Samoa",2002,600155
"Rufous snapper",136,0.02948350405,4612.74887032975,"American Samoa",2004,600155
"Saber squirrelfish",66,0.01088621688,6062.71221008413,"American Samoa",2002,606507
"Saber squirrelfish",128,0.01950447191,6562.59757201496,"American Samoa",2006,606507
"Saber squirrelfish",127,0.02902991168,4374.79801523116,"American Samoa",2003,606507
"Saber squirrelfish",235,0.0544310844,4317.38596778719,"American Samoa",2004,606507
"Saber squirrelfish",214,0.03719457434,5753.52733019071,"American Samoa",2005,606507
"Saddleback grouper",16,0.00362873896,4409.24524369755,"American Samoa",2004,607372
"Sailfish",5055,0.91398862555,5530.70340121368,"American Samoa",2009,500488
"Sailfish",3336,1.41384741729,2359.51911019811,"American Samoa",2001,500488
"Sailfish",1745,0.78652916958,2218.60811714309,"American Samoa",2008,500488
"Sailfish",4316,0.78290043062,5512.83385625685,"American Samoa",2006,500488
"Sailfish",3050,0.94891523804,3214.1964611084,"American Samoa",2007,500488
"Sailfish",1973,0.95617271596,2063.43474046852,"American Samoa",2003,500488
"Sailfish",1128,0.5624545388,2005.49541729469,"American Samoa",2004,500488
"Sailfish",1125,0.56109376169,2005.01248955527,"American Samoa",2005,500488
"Sailfish",1881,0.78879713143,2384.64356049313,"American Samoa",2002,500488
"Salmon",64,0.01451495584,4409.24524369755,"American Samoa",2005,502724
"Salmon",20,0.0045359237,4409.24524369755,"American Samoa",2004,502724
"Salmon",28,0.00635029318,4409.24524369755,"American Samoa",2003,502724
"Sergeant major",280,0.05080234544,5511.55655462194,"American Samoa",2006,509206
"Sergeant major",592,0.11974838568,4943.69921263059,"American Samoa",2007,509206
"Sergeant major",137,0.02358680324,5808.33267679389,"American Samoa",2009,509206
"Sergeant major",85,0.01542214058,5511.55655462194,"American Samoa",2008,509206
"Seven-11 crab",48,0.01088621688,4409.24524369755,"American Samoa",2006,690771
"Sharks",545,0.2313321087,2355.92025275997,"American Samoa",2007,500816
"Sharks (misc)",677,0.1678291769,4033.86355403141,"American Samoa",2006,200007
"Sharks (misc)",7,0.00635029318,1102.31131092439,"American Samoa",2005,200007
"Sharks (unknown)",17,0.00272155422,6246.43076190486,"American Samoa",2008,200007
"Sharks (unknown)",700,0.53297103475,1313.39220025033,"American Samoa",2009,200007
"Shrimp",959,0.0362873896,26427.9136794122,"American Samoa",2008,590094
"Shrimp",1244,0.23042492396,5398.72153854307,"American Samoa",2006,590094
"Shrimp",565,0.0816466266,6920.06545191421,"American Samoa",2005,590094
"Shrimp",669,0.04309127515,15525.1845685982,"American Samoa",2007,590094
"Silverjaw jobfish (lehi)",2992,0.49350849856,6062.71221008413,"American Samoa",2010,600083
"Silverjaw jobfish (lehi)",9902,1.5240703632,6497.07535760315,"American Samoa",2008,600083
"Silverjaw jobfish (lehi)",10515,1.68373487744,6245.04495386311,"American Samoa",2009,600083
"Six-banded grouper",2098,0.34609097831,6061.98985666937,"American Samoa",2008,500366
"Skipjack tuna",211662,157.02052431527,1347.98938497377,"American Samoa",2009,600107
"Skipjack tuna",320499,234.86604685467,1364.60337410251,"American Samoa",2004,600107
"Skipjack tuna",153508,112.77258862177,1361.21731243444,"American Samoa",2010,600107
"Skipjack tuna",246602,169.97512240247,1450.81231014555,"American Samoa",2008,600107
"Skipjack tuna",193777,143.75113312329,1348.00328727708,"American Samoa",2005,600107
"Skipjack tuna",244050,194.45731698085,1255.03120062093,"American Samoa",2006,600107
"Skipjack tuna",210543,169.25118897995,1243.96762745898,"American Samoa",2007,600107
"Skipjack Tuna",74189,57.53773854213,1289.39721789166,"American Samoa",2001,600107
"Skipjack Tuna",287496,194.25410759909,1479.99959204645,"American Samoa",2002,600107
"Skipjack Tuna",151473,114.62778141507,1321.43358381432,"American Samoa",2003,600107
"Smalltooth grouper",141,0.02313321087,6095.13313099367,"American Samoa",2009,600083
"Smalltooth grouper",288,0.06531730128,4409.24524369755,"American Samoa",2004,600083
"Smalltooth grouper",79,0.01406136347,5618.23184277591,"American Samoa",2003,600083
"Smalltooth grouper",210,0.03810175908,5511.55655462194,"American Samoa",2008,600083
"Smalltooth jobfish (lehi)",276,0.10296546799,2680.51032436239,"American Samoa",2006,600083
"Smalltooth jobfish (lehi)",7025,1.39570372249,5033.30319092871,"American Samoa",2007,600083
"Smalltooth jobfish (lehi)",1206,0.2404039561,5016.55638103703,"American Samoa",2005,600083
"Smalltooth jobfish (lehi)",711,0.16510762268,4306.28209927055,"American Samoa",2004,600083
"Soldierfishes",577,0.10024391377,5755.96041994002,"American Samoa",2009,501130
"Soldierfishes",1903,0.32885446825,5786.75427500444,"American Samoa",2007,501130
"Soldierfishes",461,0.07892507238,5840.98292340394,"American Samoa",2008,501130
"Soldierfishes",195,0.03401942775,5732.01881680682,"American Samoa",2010,501130
"Spadefish",152,0.03084428116,4927.97997825021,"American Samoa",2008,400340
"Spearfish",910,0.27533056859,3305.11793390838,"American Samoa",2002,603915
"Spearfish",1063,0.45903547844,2315.72514528187,"American Samoa",2007,603915
"Spearfish",232,0.07030681735,3299.82224689623,"American Samoa",2004,603915
"Spearfish",2581,1.01786127828,2535.7089959856,"American Samoa",2010,603915
"Spearfish",968,0.29256707865,3308.64294255754,"American Samoa",2001,603915
"Spearfish",1096,0.43227352861,2535.43168262986,"American Samoa",2009,603915
"Spearfish",770,0.317514659,2425.08488403365,"American Samoa",2008,603915
"Spearfish",40,0.0181436948,2204.62262184878,"American Samoa",2006,603915
"Spiny lobster",22859,2.45166675985,9323.86096444795,"American Samoa",2006,690801
"Spiny lobster",3018,0.35334845623,8541.14386744494,"American Samoa",2003,690801
"Spiny lobster",15149,1.77127820485,8552.5808190492,"American Samoa",2010,690801
"Spiny lobster",11263,1.08907528037,10341.801161967,"American Samoa",2009,690801
"Spiny lobster",5048,0.67313107708,7499.28234170662,"American Samoa",2001,690801
"Spiny lobster",14313,1.51273055395,9461.69822684304,"American Samoa",2005,690801
"Spiny lobster",6906,0.64274038829,10744.6180850301,"American Samoa",2008,690801
"Spiny lobster",2137,0.23405366292,9130.38477304425,"American Samoa",2004,690801
"Spiny lobster",9874,1.05550944499,9354.72443839055,"American Samoa",2007,690801
"Spiny lobster",2578,0.34563738594,7458.68388336764,"American Samoa",2002,690801
"Spiny pufferfish",114,0.02313321087,4927.9799782502,"American Samoa",2007,400449
"Spiny pufferfish",171,0.03311224301,5164.25299090604,"American Samoa",2008,400449
"Spiny pufferfish",287,0.05397749203,5317.03102916469,"American Samoa",2009,400449
"Spiny pufferfish",96,0.02902991168,3306.93393277316,"American Samoa",2010,400449
"Spotted eels",247,0.05579186151,4427.16900485079,"American Samoa",2003,607547
"Spotted grouper",94,0.01678291769,5600.93314739959,"American Samoa",2005,600348
"Spotted grouper",447,0.07665711053,5831.16160926866,"American Samoa",2009,600348
"Spotted grouper",44,0.00997903214,4409.24524369755,"American Samoa",2006,600348
"Spotted grouper",514,0.11838760857,4341.6706039474,"American Samoa",2004,600348
"Spotted grouper",250,0.05261671492,4751.34185743271,"American Samoa",2008,600348
"Squaretail grouper",83,0.01496854821,5544.95992768025,"American Samoa",2009,606082
"Squid",40,0.01088621688,3674.37103641463,"American Samoa",2006,390002
"Squirrel snapper (ehu)",2828,0.43045915913,6569.72895109414,"American Samoa",2006,600087
"Squirrel snapper (ehu)",1623,0.3039068879,5340.45151531427,"American Samoa",2004,600087
"Squirrel snapper (ehu)",3296,0.46175703266,7137.95300747894,"American Samoa",2007,600087
"Squirrel snapper (ehu)",1378,0.28349523125,4860.75195665218,"American Samoa",2005,600087
"Squirrelfish",1054,0.25764046616,4090.97225955741,"American Samoa",2004,601061
"Squirrelfish",1847,0.42274808884,4369.03217012306,"American Samoa",2001,601061
"Squirrelfish",1616,0.35561641808,4544.22213891278,"American Samoa",2005,601061
"Squirrelfish",2379,0.5488467677,4334.54315485805,"American Samoa",2003,601061
"Squirrelfish",1263,0.27714493807,4557.18227724223,"American Samoa",2006,601061
"Squirrelfish",2611,0.61008173765,4279.75439825067,"American Samoa",2002,601061
"Squirrelfishes",4248,0.75886003501,5597.87023168775,"American Samoa",2009,509309
"Squirrelfishes",2352,0.46130344029,5098.59626999835,"American Samoa",2007,509309
"Squirrelfishes",3571,0.64183320355,5563.75080043956,"American Samoa",2008,509309
"Squirrelfishes",4234,0.73300526992,5776.22040897755,"American Samoa",2010,509309
"Stareye parrotfish",640,0.1451495584,4409.24524369755,"American Samoa",2006,604355
"Stareye parrotfish",112,0.02540117272,4409.24524369755,"American Samoa",2005,604355
"Stocky hawkfish",62,0.01224699399,5062.46676128237,"American Samoa",2006,605831
"Stone's snapper",226,0.06939963261,3256.5013891361,"American Samoa",2006,600193
"Stone's snapper",32,0.00544310844,5878.9936582634,"American Samoa",2010,600193
"Stone's snapper",437,0.06622448602,6598.76771060216,"American Samoa",2005,600193
"Stone's snapper",1399,0.23405366292,5977.26172086519,"American Samoa",2009,600193
"Stone's snapper",187,0.03084428116,6062.71221008413,"American Samoa",2002,600193
"Stone's snapper",106,0.01678291769,6315.94588962082,"American Samoa",2008,600193
"Stone's snapper",1154,0.24312551032,4746.51960002516,"American Samoa",2007,600193
"Stone's snapper",212,0.04672001411,4537.66986244602,"American Samoa",2004,600193
"Striped grouper",22,0.00362873896,6062.71221008413,"American Samoa",2002,500366
"Striped grouper",46,0.00861825503,5337.50740026546,"American Samoa",2003,500366
"Striped marlin",1151,0.52208481787,2204.62262184878,"American Samoa",2008,600223
"Striped marlin",3314,1.37801362006,2404.9109179746,"American Samoa",2010,600223
"Striped marlin",1964,0.81011597282,2424.34424933426,"American Samoa",2009,600223
"Striped marlin",46,0.02086524902,2204.62262184878,"American Samoa",2006,600223
"Striped marlin",1432,0.68401729396,2093.51431995189,"American Samoa",2007,600223
"Striped Marlin",6595,2.39315334412,2755.77827731097,"American Samoa",2001,600223
"Sunfish",0,0,NA,"American Samoa",2002,601732
"Sunfish",226,0.08210021897,2752.73321844101,"American Samoa",2006,601732
"Surgeonfishes/tangs",10006,2.26932262711,4409.24524369755,"American Samoa",2001,400412
"Surgeonfishes/tangs",6154,1.41203304781,4358.25493570747,"American Samoa",2004,400412
"Surgeonfishes/tangs",14189,3.22095941937,4405.20917918776,"American Samoa",2005,400412
"Surgeonfishes/tangs",19987,3.52531989964,5669.5564002691,"American Samoa",2008,400412
"Surgeonfishes/tangs",27334,4.84209854975,5645.07304408566,"American Samoa",2009,400412
"Surgeonfishes/tangs",9156,2.09786471125,4364.43777851835,"American Samoa",2002,400412
"Surgeonfishes/tangs",11946,2.62267108334,4554.89827751738,"American Samoa",2006,400412
"Surgeonfishes/tangs",14969,3.4563738594,4330.83937355044,"American Samoa",2003,400412
"Surgeonfishes/tangs",23063,3.93083147842,5867.20649984979,"American Samoa",2010,400412
"Surgeonfishes/tangs",23586,4.68923792106,5029.8151633706,"American Samoa",2007,400412
"Sweepers",25,0.00589670081,4239.65888817072,"American Samoa",2005,400334
"Sweepers",1999,0.33157602247,6028.78333936485,"American Samoa",2009,400334
"Sweepers",4647,0.76793188241,6051.31797030789,"American Samoa",2007,400334
"Sweepers",144,0.03265865064,4409.24524369755,"American Samoa",2006,400334
"Sweepers",825,0.14242800418,5792.40020071732,"American Samoa",2008,400334
"Sweetlips",201,0.03401942775,5908.38862655472,"American Samoa",2008,500476
"Sweetlips",37,0.00635029318,5826.50264345748,"American Samoa",2009,500476
"Sweetlips",71,0.00090718474,78264.1030756315,"American Samoa",2005,500476
"Sweetlips",56,0.00861825503,6497.83509597534,"American Samoa",2006,500476
"Sweetlips",480,0.0725747792,6613.86786554633,"American Samoa",2007,500476
"Swordfish",18230,3.66774790382,4970.35251005481,"American Samoa",2003,600226
"Swordfish",41370,8.62687328503,4795.48019695483,"American Samoa",2009,600226
"Swordfish",18617,3.61331681942,5152.32982060741,"American Samoa",2005,600226
"Swordfish",144617,29.59917010435,4885.84644401049,"American Samoa",2006,600226
"Swordfish",3542,0.75432411131,4695.59430342054,"American Samoa",2001,600226
"Swordfish",16406,4.61484877238,3555.04607175654,"American Samoa",2008,600226
"Swordfish",18753,4.06010530387,4618.84571863815,"American Samoa",2004,600226
"Swordfish",30887,7.96689638668,3876.91749721266,"American Samoa",2010,600226
"Swordfish",51430,8.68221155417,5923.60594753056,"American Samoa",2007,600226
"Swordfish",8228,1.67874536137,4901.27936573135,"American Samoa",2002,600226
"Terapon perch",181,0.03129787353,5783.14050079172,"American Samoa",2010,400306
"Terapon perch",37,0.00861825503,4293.21247412656,"American Samoa",2003,400306
"Terapon perch",316,0.05261671492,6005.69610779494,"American Samoa",2009,400306
"Terapon perch",114,0.02585476509,4409.24524369755,"American Samoa",2007,400306
"Terapon perch",2,0.00045359237,4409.24524369755,"American Samoa",2005,400306
"Terapon perch",26,0.00589670081,4409.24524369755,"American Samoa",2004,400306
"Terapon perch",33,0.00816466266,4041.80814005609,"American Samoa",2006,400306
"Terapon perch",79,0.01451495584,5442.66209768916,"American Samoa",2008,400306
"Threadfins",49,0.01133980925,4321.0603388236,"American Samoa",2007,500153
"Tilapia",3984,1.52361677083,2614.83076077568,"American Samoa",2005,NA
"Tilapia",194,0.0544310844,3564.13990532219,"American Samoa",2009,NA
"Tilapia",4525,1.76084558034,2569.78808960992,"American Samoa",2006,NA
"Tilapia",1779,0.63094698667,2819.57127553485,"American Samoa",2007,NA
"Tilapia",812,0.25355813483,3202.42141134384,"American Samoa",2008,NA
"Timor snapper",30,0.00725747792,4133.66741596645,"American Samoa",2004,500357
"Tomato grouper",307,0.06032778521,5088.86575118477,"American Samoa",2003,606454
"Tomato grouper",676,0.13743848811,4918.56400122037,"American Samoa",2002,606454
"Tomato grouper",296,0.06395652417,4628.14394373927,"American Samoa",2007,606454
"Tomato grouper",229,0.05034875307,4548.27549912946,"American Samoa",2004,606454
"Tomato grouper",432,0.09298643585,4645.83889092035,"American Samoa",2001,606454
"Tomato grouper",138,0.03356583538,4111.32326777204,"American Samoa",2006,606454
"Tomato grouper",188,0.03538020486,5313.70580650731,"American Samoa",2008,606454
"Tomato grouper",299,0.05034875307,5938.5780534485,"American Samoa",2005,606454
"Trevally (misc)",22,0.0090718474,2425.08488403365,"American Samoa",2005,502100
"Trevally (misc)",54,0.01224699399,4409.24524369755,"American Samoa",2006,502100
"Trevallys",370,0.05851341573,6323.33620220191,"American Samoa",2008,502100
"Trevallys",150,0.02540117272,5905.23916566636,"American Samoa",2010,502100
"Trevallys",228,0.04399845989,5181.99956475795,"American Samoa",2007,502100
"Trevallys",1382,0.226796185,6093.57692679002,"American Samoa",2009,502100
"Triggerfish",74,0.01769010243,4183.13010299511,"American Samoa",2002,400445
"Triggerfish",53,0.01224699399,4327.59255399945,"American Samoa",2001,400445
"Triggerfish",65,0.01451495584,4478.13970063033,"American Samoa",2006,400445
"Triggerfish",6,0.00136077711,4409.24524369755,"American Samoa",2004,400445
"Triggerfish",19,0.0045359237,4188.78298151267,"American Samoa",2005,400445
"Triggerfishes",30,0.00589670081,5087.59066580487,"American Samoa",2007,400445
"Triggerfishes",77,0.01451495584,5304.87318382362,"American Samoa",2009,400445
"Triggerfishes",28,0.00498951607,5611.76667379688,"American Samoa",2010,400445
"Twinspot/red snapper",26,0.00589670081,4409.24524369755,"American Samoa",2001,601417
"Twinspot/red snapper",252,0.04581282937,5500.64258124645,"American Samoa",2010,601417
"Twinspot/red snapper",303,0.07847148001,3861.27545907618,"American Samoa",2002,601417
"Twinspot/red snapper",15,0.00317514659,4724.19133253309,"American Samoa",2004,601417
"Twinspot/red snapper",3,0.00045359237,6613.86786554633,"American Samoa",2005,601417
"Unicornfishes",3164,0.55474346851,5703.53718358915,"American Samoa",2008,500480
"Unicornfishes",8302,1.49957637522,5536.23018953071,"American Samoa",2009,500480
"Unicornfishes",15887,2.63809322392,6022.15261233004,"American Samoa",2010,500480
"Unicornfishes",4198,0.83869229213,5005.41144755065,"American Samoa",2007,500480
"Unicornfishes (misc)",3133,0.68855321766,4550.12033876957,"American Samoa",2005,500480
"Unicornfishes (misc)",1468,0.3265865064,4494.98056788056,"American Samoa",2006,500480
"Unicornfishes (misc)",3671,0.9026488163,4066.91941950093,"American Samoa",2002,500480
"Unicornfishes (misc)",4804,1.1022294591,4358.43912566318,"American Samoa",2003,500480
"Unicornfishes (misc)",1130,0.49350849856,2289.72753923632,"American Samoa",2001,500480
"Unicornfishes (misc)",1760,0.41866575751,4203.83078489041,"American Samoa",2004,500480
"Wahoo",419239,203.11322017756,2064.06554744937,"American Samoa",2004,600089
"Wahoo",171494,127.52250530943,1344.81360434281,"American Samoa",2010,600089
"Wahoo",79120,33.36126522113,2371.61269141219,"American Samoa",2001,600089
"Wahoo",353896,167.12746950361,2117.52144067709,"American Samoa",2003,600089
"Wahoo",362739,270.72252370317,1339.89220785235,"American Samoa",2006,600089
"Wahoo",266829,198.16271305138,1346.51466913867,"American Samoa",2007,600089
"Wahoo",182068,136.5857344544,1332.99425981258,"American Samoa",2009,600089
"Wahoo",182376,135.37509641887,1347.19017621751,"American Samoa",2008,600089
"Wahoo",423337,208.05284108686,2034.75712126066,"American Samoa",2005,600089
"Wahoo",277119,125.34979785713,2210.76543191439,"American Samoa",2002,600089
"White-edged lyretail",204,0.0498951607,4088.57286233773,"American Samoa",2004,606478
"White-edged lyretail",40,0.00997903214,4008.40476699777,"American Samoa",2005,606478
"White - edged lyretail",795,0.13698489574,5803.5595508933,"American Samoa",2010,606478
"White - edged lyretail",697,0.11838760857,5887.44048823217,"American Samoa",2009,606478
"Whitemouth trevally",4,0.00090718474,4409.24524369755,"American Samoa",2005,601984
"Whitemouth trevally",48,0.01088621688,4409.24524369755,"American Samoa",2002,601984
"Wrasses",356,0.06894604024,5163.45824590897,"American Samoa",2010,500508
"Wrasses",75,0.01315417873,5701.61022891925,"American Samoa",2009,500508
"Wrasses",259,0.04672001411,5543.66270930906,"American Samoa",2008,500508
"Wrasses",361,0.06667807839,5414.07324141094,"American Samoa",2007,500508
"Wrasses (misc)",18,0.00408233133,4409.24524369755,"American Samoa",2004,500508
"Yellow-edged lyretail",1457,0.27850571518,5231.49048865418,"American Samoa",2008,605354
"Yellow - edged lyretail",2979,0.50938423151,5848.23756944568,"American Samoa",2009,605354
"Yellow goatfishes",122,0.01995806428,6112.8172696716,"American Samoa",2004,601092
"Yellow margined snapper",26,0.00272155422,9553.36469467803,"American Samoa",2006,600262
"Yellow margined snapper",68,0.01542214058,4409.24524369755,"American Samoa",2005,600262
"Yellow opakapaka",826,0.0997903214,8277.3558438504,"American Samoa",2003,600201
"Yellow opakapaka",4848,0.76158158923,6365.70010168128,"American Samoa",2001,600201
"Yellow opakapaka",5705,0.70442895061,8098.75856899373,"American Samoa",2002,600201
"Yellowband parrotfish",37,0.00816466266,4531.72427824471,"American Samoa",2006,604975
"Yellowband parrotfish",6,0.00136077711,4409.24524369755,"American Samoa",2005,604975
"Yelloweye opakapaka",2269,0.3492661249,6496.47886879853,"American Samoa",2008,600201
"Yelloweye opakapaka",64,0.02131884139,3002.03931485791,"American Samoa",2006,600201
"Yelloweye opakapaka",622,0.12972741782,4794.6687789858,"American Samoa",2007,600201
"Yelloweye opakapaka",3901,0.64319398066,6065.04432146126,"American Samoa",2009,600201
"Yelloweye opakapaka(P.fl.",17,0.00272155422,6246.43076190486,"American Samoa",2002,600201
"Yelloweye snapper",242,0.0408233133,5927.98527208226,"American Samoa",2006,501135
"Yelloweye snapper",118,0.01769010243,6670.39665072194,"American Samoa",2005,501135
"Yelloweye snapper",347,0.07620351816,4553.59553441384,"American Samoa",2004,501135
"Yellowfin tuna",1090076,523.60616667898,2081.8624175378,"American Samoa",2006,600143
"Yellowfin tuna",1026364,509.47812513059,2014.53987791315,"American Samoa",2005,600143
"Yellowfin tuna",882488,440.74073738079,2002.28371274324,"American Samoa",2010,600143
"Yellowfin tuna",1341543,637.91779421216,2103.00294516291,"American Samoa",2007,600143
"Yellowfin tuna",801061,387.77657070537,2065.7797827828,"American Samoa",2009,600143
"Yellowfin tuna",1763767,885.20047860321,1992.50570083639,"American Samoa",2004,600143
"Yellowfin tuna",762028,345.33982934528,2206.60327957162,"American Samoa",2008,600143
"Yellowfin Tuna",361161,179.44431671859,2012.66335208812,"American Samoa",2001,600143
"Yellowfin Tuna",943411,487.45712275183,1935.3722737175,"American Samoa",2003,600143
"Yellowfin Tuna",989447,473.51323970566,2089.58676765838,"American Samoa",2002,600143
"Yellowspot grouper",6,0.00136077711,4409.24524369755,"American Samoa",2004,605367
"Yellowspot grouper",615,0.11158372302,5511.55655462194,"American Samoa",2008,605367
"Yellowspot grouper",21,0.0045359237,4629.70750588243,"American Samoa",2006,605367
"Yellowspot grouper",142,0.02630835746,5397.52435004355,"American Samoa",2007,605367
"Yellowspot grouper",233,0.03946253619,5904.33414816971,"American Samoa",2009,605367
"Yellowstriped squirrelfish",14,0.00317514659,4409.24524369755,"American Samoa",2005,612896
"Yellowtail snapper",149,0.0272155422,5474.81284425779,"American Samoa",2003,600188
"Yellowtail snapper",429,0.0997903214,4299.01411260511,"American Samoa",2005,600188
"Yellowtail snapper",18,0.00408233133,4409.24524369755,"American Samoa",2002,600188
"Yellowtail snapper",1206,0.21863152234,5516.1304604764,"American Samoa",2001,600188
"Yellowtail snapper",2930,0.43907741416,6673.08293596788,"American Samoa",2006,600188
"Yellowtail snapper",126,0.0272155422,4629.70750588243,"American Samoa",2004,600188
"Yellowtail snapper",611,0.15286062869,3997.10510964274,"American Samoa",2007,600188
